legislator_profile_id,legislator_id_canon
758,3678
2724,3678
3466,3678
3256,3678
2514,3678
2939,3678
2832,3678
117,3678
12,3678
3150,3678
222,3678
2619,3678
557,3678
3571,3678
653,3678
3361,3678
3044,3678
2725,3679
2620,3679
2515,3679
3362,3679
149,3679
338,3679
3257,3679
704,3679
3467,3679
253,3679
3151,3679
2940,3679
44,3679
2833,3679
3045,3679
809,3679
1451,3780
1168,3780
3572,3780
1318,3780
785,3780
1213,3780
680,3780
602,3780
1884,2658
2094,2658
1989,2658
2621,1927
3573,1927
3046,1927
1885,1927
2095,1927
2304,1927
1990,1927
2516,1927
2941,1927
2409,1927
2199,1927
2834,1927
2726,1927
576,1927
1754,3879
1563,3879
3677,3879
3912,3879
1153,3879
1503,3879
528,3879
883,3879
1374,3879
1766,3879
4122,3879
1269,3879
1043,3879
4017,3879
3047,3045
3363,3045
3574,3045
2410,3045
621,3045
2200,3045
1991,3045
3152,3045
2305,3045
2942,3045
3258,3045
3468,3045
2517,3045
2096,3045
1886,3045
2727,3045
2622,3045
2835,3045
4456,3989
4445,3990
3786,3972
3913,3972
4018,3972
4123,3972
4333,3972
4441,3992
1992,2773
2097,2773
1887,2773
4019,3913
1186,3913
3914,3913
1402,3913
1614,3913
1767,3913
1531,3913
4334,3913
4124,3913
1297,3913
1700,3913
3678,3913
1689,3937
1768,3937
3915,3937
1619,3937
1551,3937
1423,3937
3679,3937
1424,3937
4020,3937
4125,3937
1502,3680
1373,3680
2836,3680
915,3680
2728,3680
787,3680
2518,3680
3364,3680
2943,3680
420,3680
3153,3680
682,3680
3575,3680
1268,3680
3469,3680
527,3680
3259,3680
1042,3680
1166,3680
2623,3680
3048,3680
604,3680
1518,3899
4126,3899
1723,3899
1284,3899
1769,3899
4336,3899
952,3899
1567,3899
3916,3899
3680,3899
1389,3899
4021,3899
1063,3899
1147,3899
2729,3681
2837,3681
2944,3681
284,3681
362,3681
180,3681
2519,3681
2624,3681
75,3681
469,3681
3049,3681
1888,2074
2098,2074
1993,2074
1889,2113
2099,2113
2201,2113
2411,2113
2306,2113
1994,2113
3667,3777
642,3777
747,3777
541,3777
158,3785
821,3785
53,3785
716,3785
262,3785
1685,3951
4022,3951
4127,3951
4337,3951
1770,3951
3917,3951
1602,3951
3681,3951
2945,611
3154,611
3050,611
3470,611
3260,611
3365,611
2520,611
2625,611
2202,611
2412,611
2307,611
2838,611
2730,611
3682,3786
884,3786
1467,3786
4023,3786
56,3786
1230,3786
1154,3786
1441,3786
3918,3786
1335,3786
265,3786
161,3786
4338,3786
1771,3786
4128,3786
453,3786
346,3786
983,3786
720,3786
1741,3786
825,3786
666,3741
3155,3741
579,3741
17,3741
122,3741
227,3741
3261,3741
3471,3741
3366,3741
3576,3741
771,3741
938,3900
3683,3900
1057,3900
1772,3900
4024,3900
3919,3900
1513,3900
1122,3900
4339,3900
1592,3900
1654,3900
1279,3900
1384,3900
4129,3900
1670,3940
1553,3940
3684,3940
1643,3940
1449,3940
3051,3682
685,3682
974,3682
135,3682
30,3682
437,3682
790,3682
2626,3682
3262,3682
3472,3682
3577,3682
2521,3682
3367,3682
609,3682
330,3682
853,3682
2731,3682
239,3682
2946,3682
2839,3682
3156,3682
4130,3973
4340,3973
4025,3973
3798,3973
3920,3973
2732,2059
2627,2059
2308,2059
2522,2059
2413,2059
2203,2059
2100,2059
1890,2059
1995,2059
3368,2059
3473,2059
3263,2059
3157,2059
1996,1938
2309,1938
2204,1938
2414,1938
2101,1938
1891,1938
1892,3115
2733,3115
1997,3115
2102,3115
2523,3115
2310,3115
2628,3115
2415,3115
2205,3115
2103,2793
2416,2793
2206,2793
2524,2793
1893,2793
2840,2793
2734,2793
2629,2793
2311,2793
2947,2793
1998,2793
3052,2793
702,3814
807,3814
251,3814
337,3814
854,3814
977,3814
444,3814
42,3814
147,3814
2104,3128
2525,2126
2207,2126
2417,2126
2735,2126
2105,2126
1894,2126
2312,2126
2630,2126
1999,2126
2631,3091
2313,3091
1895,3091
2000,3091
2106,3091
2736,3091
2208,3091
2526,3091
2418,3091
888,3742
3158,3742
1578,3742
688,3742
3578,3742
3369,3742
964,3742
3685,3742
1319,3742
138,3742
1118,3742
793,3742
1710,3742
33,3742
614,3742
1214,3742
3264,3742
3474,3742
242,3742
1452,3742
3159,3712
3579,3712
3370,3712
625,3712
3475,3712
3265,3712
2841,3712
2948,3712
3053,3712
2314,3653
781,3653
2949,3653
676,3653
3580,3653
2737,3653
3054,3653
2632,3653
593,3653
2419,3653
2527,3653
2209,3653
2842,3653
4459,3993
1369,3878
522,3878
1037,3878
4131,3878
1775,3878
1714,3878
1498,3878
4341,3878
856,3878
3921,3878
4026,3878
3686,3878
1264,3878
415,3878
1582,3878
1171,3878
1040,3877
928,3877
525,3877
1180,3877
1266,3877
418,3877
1500,3877
1371,3877
1328,3774
670,3774
21,3774
775,3774
1112,3774
1461,3774
586,3774
3581,3774
231,3774
326,3774
1223,3774
126,3774
433,3774
1764,3967
3922,3967
4342,3967
3687,3967
4027,3967
4132,3967
1776,3967
2210,2738
2420,2738
2315,2738
2001,2738
1896,2738
2107,2738
3923,3945
3688,3945
4028,3945
1641,3945
4343,3945
1668,3945
1777,3945
4133,3945
1778,3911
3924,3911
1197,3911
4029,3911
3689,3911
4134,3911
1751,3911
1412,3911
1541,3911
4344,3911
1560,3911
1307,3911
2421,231
2211,231
2108,231
2002,231
1897,231
2316,231
3055,3733
2843,3733
2950,3733
2528,3654
2738,3654
2633,3654
2212,3654
2422,3654
2317,3654
1406,3912
1535,3912
1190,3912
1301,3912
2109,600
1898,600
2003,600
467,3818
1173,3818
923,3818
360,3818
1340,3818
177,3818
72,3818
1235,3818
281,3818
844,3818
995,3818
1472,3818
3925,3970
4030,3970
3690,3970
1878,3970
1881,3970
4135,3970
4345,3970
2739,3708
3056,3708
2844,3708
2951,3708
524,3876
925,3876
417,3876
1039,3876
2318,608
1899,608
2110,608
2423,608
2004,608
2213,608
349,3787
1562,3787
831,3787
60,3787
165,3787
986,3787
1103,3787
456,3787
1231,3787
1336,3787
269,3787
875,3787
726,3787
1468,3787
1148,3788
943,3788
715,3788
846,3788
1217,3788
1779,3788
1322,3788
4136,3788
820,3788
1707,3788
1455,3788
966,3788
3691,3788
4031,3788
3926,3788
1599,3788
3476,3713
3266,3713
145,3713
40,3713
2952,3713
699,3713
3057,3713
249,3713
2845,3713
3582,3713
570,3713
3371,3713
804,3713
3160,3713
2319,2810
2424,2810
2214,2810
2111,2810
2005,2810
1900,2810
1780,3958
4032,3958
3692,3958
4137,3958
1629,3958
3927,3958
1665,3958
2529,2777
2006,2777
2112,2777
2740,2777
2215,2777
2425,2777
2320,2777
2634,2777
1901,2777
2953,3714
597,3714
3267,3714
3477,3714
3372,3714
2846,3714
3583,3714
3058,3714
3161,3714
1902,3046
2007,3046
2426,3046
2113,3046
2216,3046
2741,3046
2530,3046
2635,3046
2321,3046
3928,3986
4033,3986
4138,3986
3783,3986
4348,3986
3162,3715
779,3715
2955,3715
591,3715
3373,3715
3060,3715
674,3715
2848,3715
3268,3715
3478,3715
3584,3715
87,3823
296,3823
192,3823
4449,3994
4448,3995
1904,1413
2009,1413
3163,3716
754,3716
3374,3716
553,3716
3585,3716
3479,3716
3269,3716
649,3716
3061,3716
2849,3716
2956,3716
1294,3907
1781,3907
3929,3907
1579,3907
4034,3907
1528,3907
3693,3907
1183,3907
1711,3907
4139,3907
1399,3907
2743,1650
2115,1650
2322,1650
2637,1650
3586,1650
2010,1650
2217,1650
1905,1650
2850,1650
2427,1650
3164,1650
2957,1650
3062,1650
3480,1650
2532,1650
3270,1650
3375,1650
532,1650
211,1650
1,1650
635,1650
740,1650
106,1650
2011,2814
2744,2814
2533,2814
2323,2814
2218,2814
2428,2814
1906,2814
2116,2814
2638,2814
4350,2814
4035,2814
3791,2814
4140,2814
3930,2814
3694,3889
4351,3889
1699,3889
1050,3889
4141,3889
931,3889
1613,3889
4036,3889
3931,3889
1782,3889
3587,3773
608,3773
2745,1542
2324,1542
2534,1542
2851,1542
2958,1542
3063,1542
1907,1542
2429,1542
2219,1542
2639,1542
2117,1542
2012,1542
3932,1089
3695,1089
1552,1089
4142,1089
4352,1089
1783,1089
1672,1089
4037,1089
1425,1089
1645,1089
2640,2423
2220,2423
2430,2423
2535,2423
2325,2423
2746,2423
1282,3884
1060,3884
1387,3884
1179,3884
1516,3884
941,3884
1608,3884
4442,3996
2118,3044
2641,3044
1908,3044
2431,3044
2221,3044
2536,3044
2326,3044
2013,3044
2747,3044
797,3779
692,3779
623,3779
3588,3779
4038,3974
3933,3974
4143,3974
3792,3974
4353,3974
105,3831
489,3831
210,3831
314,3831
382,3831
1009,3831
927,3831
4039,3952
1656,3952
3934,3952
4354,3952
1784,3952
3696,3952
1594,3952
4144,3952
2119,1562
2748,1562
596,1562
3271,1562
2959,1562
3165,1562
1909,1562
2432,1562
2222,1562
2014,1562
2852,1562
2327,1562
2537,1562
2642,1562
3481,1562
3376,1562
3589,1562
3064,1562
4468,3997
1763,3966
3935,3966
1785,3966
4355,3966
4145,3966
4040,3966
3697,3966
2749,3083
3482,3083
2328,3083
2538,3083
1910,3083
2015,3083
2853,3083
2223,3083
3166,3083
2960,3083
2433,3083
3272,3083
3065,3083
3377,3083
2120,3083
2643,3083
2329,3071
2016,3071
1911,3071
2121,3071
2434,3071
2224,3071
2122,2788
2017,2788
1912,2788
2330,2788
2225,2788
2435,2788
410,3854
1365,3854
3698,3854
1260,3854
1743,3854
4146,3854
857,3854
1494,3854
1786,3854
1114,3854
1033,3854
1443,3854
3936,3854
4041,3854
517,3854
2226,1614
2436,1614
2123,1614
3066,1614
2539,1614
1913,1614
2961,1614
2644,1614
2331,1614
2018,1614
2750,1614
2854,1614
3483,3717
3378,3717
3067,3717
574,3717
3590,3717
2962,3717
3167,3717
2855,3717
3273,3717
2437,3675
2227,3675
3379,3675
2856,3675
2332,3675
2963,3675
3168,3675
3484,3675
3274,3675
3068,3675
1914,2883
2124,2883
2333,2883
2019,2883
2540,2883
2645,2883
2438,2883
2228,2883
2751,2883
519,3855
412,3855
2857,3683
3591,3683
534,3683
2752,3683
2964,3683
3380,3683
3485,3683
3169,3683
2646,3683
2541,3683
3275,3683
3069,3683
257,3789
153,3789
708,3789
48,3789
813,3789
4471,3998
2334,3655
2229,3655
2439,3655
555,3729
2965,3729
651,3729
3070,3729
756,3729
2858,3729
3592,3729
505,3856
398,3856
3143,3706
3460,3706
2932,3706
3565,3706
3355,3706
626,3706
3670,3706
3037,3706
3249,3706
2824,3706
2717,3706
2612,3706
2230,2796
2335,2796
2753,2796
1915,2796
2440,2796
2125,2796
2647,2796
2542,2796
2020,2796
1693,3849
3699,3849
1108,3849
1606,3849
1246,3849
495,3849
858,3849
1481,3849
1351,3849
388,3849
1014,3849
3381,3743
542,3743
3276,3743
748,3743
3486,3743
3170,3743
643,3743
3593,3743
260,3790
51,3790
712,3790
817,3790
156,3790
980,3791
154,3791
709,3791
342,3791
814,3791
49,3791
859,3791
449,3791
258,3791
324,3763
431,3763
660,3763
765,3763
568,3763
225,3763
3594,3763
120,3763
15,3763
2441,1772
2231,1772
2021,1772
2126,1772
1916,1772
2336,1772
962,3905
1067,3905
4147,3944
4042,3944
3937,3944
3700,3944
1680,3944
1788,3944
1633,3944
2127,1778
2022,1778
2232,1778
2337,1778
2442,1778
1917,1778
2338,1812
1918,1812
2128,1812
2023,1812
2443,1812
2233,1812
4043,3975
3938,3975
4358,3975
4148,3975
3785,3975
1919,2807
2339,2807
2543,2807
2754,2807
2129,2807
2648,2807
2234,2807
2444,2807
2024,2807
3939,3962
4044,3962
1789,3962
3701,3962
4359,3962
1659,3962
1605,3962
4149,3962
2445,2322
2235,2322
2130,2322
1920,2322
2025,2322
2340,2322
447,3792
979,3792
1333,3792
811,3792
860,3792
46,3792
1228,3792
706,3792
340,3792
255,3792
1465,3792
151,3792
1096,3792
3071,3684
2544,3684
2755,3684
3277,3684
3171,3684
3487,3684
2649,3684
2859,3684
2966,3684
3382,3684
4150,3926
1201,3926
4360,3926
1545,3926
3702,3926
1416,3926
4045,3926
1440,3926
1790,3926
3940,3926
1740,3926
1311,3926
2545,3656
41,3656
2860,3656
2236,3656
2650,3656
2446,3656
250,3656
3488,3656
3172,3656
3278,3656
2756,3656
2341,3656
3383,3656
2967,3656
146,3656
805,3656
3072,3656
700,3656
2026,1972
2131,1972
1921,1972
3489,3738
3173,3738
3595,3738
3279,3738
3384,3738
655,3738
760,3738
560,3738
778,3657
2861,3657
129,3657
3174,3657
2342,3657
2968,3657
590,3657
2447,3657
2651,3657
3596,3657
2237,3657
3385,3657
24,3657
3490,3657
3280,3657
2757,3657
3073,3657
673,3657
2546,3657
2969,3718
3175,3718
3597,3718
3386,3718
552,3718
3281,3718
3491,3718
3074,3718
2862,3718
3250,265
723,265
1980,265
2085,265
2933,265
387,265
494,265
2190,265
3144,265
2718,265
2613,265
1013,265
3038,265
2825,265
873,265
828,265
202,3015
306,3015
97,3015
164,3793
830,3793
348,3793
725,3793
455,3793
268,3793
985,3793
59,3793
917,3793
575,3685
768,3685
2758,3685
3387,3685
3282,3685
3492,3685
3075,3685
2652,3685
663,3685
3598,3685
2547,3685
2863,3685
3176,3685
2970,3685
580,3764
3599,3764
1308,3914
1542,3914
1681,3914
1634,3914
1198,3914
1413,3914
2027,2024
1922,2024
2132,2024
3600,3686
2548,3686
3493,3686
3283,3686
572,3686
2759,3686
3076,3686
2653,3686
2864,3686
3388,3686
2971,3686
3177,3686
3284,3744
3494,3744
3178,3744
3389,3744
1312,3910
4151,3910
1744,3910
1417,3910
3703,3910
1792,3910
1546,3910
4046,3910
3941,3910
1202,3910
1444,3910
36,3784
693,3784
3601,3784
441,3784
334,3784
924,3784
245,3784
141,3784
624,3784
798,3784
976,3784
3704,3915
1396,3915
3942,3915
1525,3915
1434,3915
4047,3915
1793,3915
1116,3915
1291,3915
1736,3915
4152,3915
3179,3739
3495,3739
3285,3739
26,3739
3390,3739
677,3739
598,3739
131,3739
3602,3739
782,3739
235,3739
3180,3687
1324,3687
2549,3687
217,3687
2972,3687
112,3687
889,3687
3705,3687
3077,3687
545,3687
969,3687
1457,3687
3391,3687
318,3687
3943,3687
749,3687
4048,3687
1588,3687
2865,3687
2760,3687
1097,3687
2654,3687
4153,3687
644,3687
7,3687
1720,3687
1219,3687
1794,3687
3603,3687
3496,3687
3286,3687
425,3687
1129,3888
3944,3888
1573,3888
4049,3888
1380,3888
1728,3888
929,3888
1509,3888
4154,3888
1049,3888
3706,3888
1795,3888
1275,3888
3945,3946
1702,3946
1796,3946
1616,3946
4155,3946
4050,3946
4365,3946
3707,3946
2973,3719
3181,3719
2866,3719
3604,3719
3078,3719
3392,3719
3287,3719
3497,3719
595,3719
2343,3089
1923,3089
2133,3089
2867,3089
2238,3089
2761,3089
2448,3089
2550,3089
2028,3089
2655,3089
2134,3116
1924,3116
2029,3116
504,3850
1143,3850
397,3850
947,3850
1356,3850
1022,3850
2656,3047
2135,3047
2030,3047
2344,3047
1925,3047
2449,3047
2239,3047
2551,3047
509,3851
402,3851
2031,3117
3288,3117
3498,3117
2345,3117
2240,3117
2450,3117
1926,3117
3393,3117
3182,3117
2136,3117
3499,3745
3289,3745
529,3745
3605,3745
3183,3745
3394,3745
2451,3008
2241,3008
2346,3008
1927,3008
2137,3008
2032,3008
2657,2565
2138,2565
2552,2565
2762,2565
1928,2565
2974,2565
2347,2565
2452,2565
2868,2565
2242,2565
2033,2565
3079,2565
724,3794
829,3794
1650,3963
3708,3963
1676,3963
3606,3746
3184,3746
3500,3746
3395,3746
3290,3746
4366,3837
313,3837
3709,3837
104,3837
4156,3837
1682,3837
381,3837
1635,3837
4051,3837
209,3837
3946,3837
1798,3837
2553,3688
780,3688
3396,3688
3607,3688
2763,3688
592,3688
3501,3688
675,3688
3185,3688
25,3688
3291,3688
234,3688
2658,3688
130,3688
3397,3658
2764,3658
739,3658
3292,3658
2975,3658
3186,3658
3502,3658
2554,3658
2348,3658
3608,3658
2243,3658
2869,3658
530,3658
2453,3658
3080,3658
634,3658
2659,3658
3293,3689
2660,3689
2765,3689
2555,3689
3503,3689
3187,3689
2870,3689
3081,3689
3609,3689
2976,3689
594,3689
3398,3689
1056,3901
937,3901
2139,2337
1929,2337
2034,2337
1061,3891
1734,3891
1283,3891
1142,3891
4157,3891
4052,3891
948,3891
3710,3891
1432,3891
1388,3891
1799,3891
1517,3891
3947,3891
601,3769
3610,3769
631,3720
3504,3720
247,3720
2871,3720
3082,3720
3294,3720
3611,3720
143,3720
2977,3720
3188,3720
802,3720
697,3720
38,3720
3399,3720
1109,3892
903,3892
1047,3892
1378,3892
1273,3892
1507,3892
1021,3852
503,3852
945,3852
396,3852
84,3842
882,3842
477,3842
1343,3842
293,3842
1475,3842
1136,3842
189,3842
1238,3842
1002,3842
370,3842
3948,3956
1800,3956
4053,3956
1662,3956
4158,3956
4368,3956
1624,3956
3711,3956
4450,3999
764,143
567,143
3612,143
659,143
365,3677
3505,3677
2661,3677
3400,3677
2349,3677
565,3677
3295,3677
876,3677
2978,3677
3083,3677
183,3677
2556,3677
3613,3677
287,3677
3189,3677
2872,3677
998,3677
2766,3677
78,3677
2454,3677
472,3677
1485,3857
1355,3857
1139,3857
1250,3857
909,3857
394,3857
1019,3857
501,3857
3712,3858
1105,3858
3949,3858
4054,3858
899,3858
1801,3858
4159,3858
1658,3858
1496,3858
520,3858
1035,3858
1367,3858
413,3858
1262,3858
1604,3858
2557,3690
2662,3690
2767,3690
2768,3659
3084,3659
3401,3659
3190,3659
2979,3659
2558,3659
2873,3659
2350,3659
3296,3659
2455,3659
2663,3659
2244,3659
3506,3659
372,3840
88,3840
479,3840
946,3840
193,3840
297,3840
620,3747
3191,3747
3297,3747
3507,3747
3614,3747
3402,3747
535,3771
3615,3771
4457,4000
61,3795
457,3795
270,3795
727,3795
832,3795
166,3795
350,3795
4055,3795
3797,3795
4160,3795
3950,3795
2769,3691
2559,3691
2664,3691
997,3838
885,3838
76,3838
470,3838
181,3838
363,3838
285,3838
958,3890
1391,3890
1181,3890
1286,3890
1065,3890
1520,3890
3713,3924
4161,3924
1748,3924
1314,3924
1204,3924
1802,3924
1547,3924
1419,3924
1557,3924
3951,3924
4056,3924
3616,3748
3508,3748
3298,3748
616,3748
3192,3748
3403,3748
795,3748
690,3748
299,3825
195,3825
90,3825
2636,1407
2114,1407
1903,1407
2847,1407
2742,1407
2954,1407
3059,1407
2008,1407
2531,1407
3509,3692
3617,3692
3085,3692
3299,3692
2980,3692
533,3692
636,3692
2,3692
212,3692
3193,3692
3404,3692
2665,3692
2560,3692
2770,3692
107,3692
2874,3692
741,3692
826,2622
57,2622
162,2622
266,2622
896,2622
984,2622
2035,2622
1930,2622
454,2622
721,2622
2140,2622
347,2622
3952,3693
667,3693
325,3693
1684,3693
2666,3693
3714,3693
772,3693
123,3693
2981,3693
972,3693
1460,3693
1159,3693
913,3693
2561,3693
228,3693
3405,3693
1803,3693
4162,3693
432,3693
4057,3693
18,3693
3086,3693
3194,3693
2875,3693
582,3693
4372,3693
3618,3693
1222,3693
1327,3693
2771,3693
1628,3693
3300,3693
3510,3693
963,2462
2456,2462
221,2462
3406,2462
2036,2462
11,2462
2351,2462
116,2462
1931,2462
3511,2462
2245,2462
3301,2462
652,2462
556,2462
3619,2462
757,2462
887,2462
3195,2462
2141,2462
2142,3114
2457,3114
2772,3114
2246,3114
1932,3114
2037,3114
2352,3114
2562,3114
2667,3114
168,3796
730,3796
272,3796
835,3796
63,3796
3801,3928
4058,3928
3953,3928
1407,3928
1302,3928
4163,3928
1536,3928
4373,3928
1192,3928
2247,3118
2876,3118
2773,3118
2143,3118
2563,3118
2353,3118
1933,3118
2982,3118
2668,3118
2038,3118
2458,3118
3087,3118
951,3893
1062,3893
3196,3694
2564,3694
3512,3694
3302,3694
2774,3694
3407,3694
2669,3694
4059,3925
1427,3925
1411,3925
3954,3925
1196,3925
3715,3925
4374,3925
1731,3925
1306,3925
1804,3925
4164,3925
1540,3925
1742,3797
1471,3797
70,3797
175,3797
358,3797
3955,3797
1339,3797
1175,3797
3716,3797
1442,3797
842,3797
4375,3797
465,3797
737,3797
994,3797
4165,3797
1234,3797
279,3797
4060,3797
901,3797
1805,3797
3303,3760
3513,3760
3620,3760
3197,3760
3408,3760
585,3760
3621,3772
562,3772
656,3772
761,3772
1806,3847
4166,3847
523,3847
1738,3847
416,3847
1436,3847
861,3847
1499,3847
1265,3847
3956,3847
3717,3847
1120,3847
4061,3847
1370,3847
1038,3847
4167,3959
4062,3959
1807,3959
3718,3959
1642,3959
3957,3959
1669,3959
1739,3919
4063,3919
3958,3919
1420,3919
1315,3919
3719,3919
1548,3919
4378,3919
1438,3919
1205,3919
1808,3919
4168,3919
1934,3119
2144,3119
2039,3119
1935,2635
2040,2635
2145,2635
77,3826
364,3826
286,3826
182,3826
847,3881
201,3828
305,3828
483,3828
376,3828
96,3828
2041,2888
2146,2888
1936,2888
3088,3660
2565,3660
2877,3660
128,3660
2354,3660
2670,3660
2775,3660
233,3660
589,3660
2983,3660
672,3660
3622,3660
2459,3660
2248,3660
777,3660
23,3660
1352,3846
1482,3846
1247,3846
905,3846
496,3846
1015,3846
1130,3846
389,3846
1191,3929
1549,3929
1421,3929
3959,3929
1620,3929
4064,3929
3720,3929
1316,3929
4379,3929
4169,3929
1809,3929
1690,3929
4462,4001
622,3782
3623,3782
2355,3120
2460,3120
2042,3120
2147,3120
2249,3120
1937,3120
4170,3976
4065,3976
3960,3976
3804,3976
3089,3710
3514,3710
3304,3710
3409,3710
2776,3710
2984,3710
3198,3710
2878,3710
1524,3916
1601,3916
1290,3916
1395,3916
1100,3916
1663,3916
3721,3916
1401,3923
1530,3923
1185,3923
1296,3923
919,3798
729,3798
271,3798
987,3798
1232,3798
834,3798
458,3798
1337,3798
1469,3798
351,3798
1106,3798
167,3798
62,3798
144,3765
698,3765
3624,3765
443,3765
336,3765
248,3765
803,3765
633,3765
39,3765
451,3799
344,3799
159,3799
822,3799
263,3799
982,3799
717,3799
54,3799
956,3799
2461,3661
2250,3661
3305,3661
3515,3661
3410,3661
2671,3661
2777,3661
2879,3661
3090,3661
3199,3661
2566,3661
2356,3661
2985,3661
1938,1904
2251,1904
2986,1904
2148,1904
2778,1904
2672,1904
2043,1904
2880,1904
2357,1904
2567,1904
2462,1904
3091,1904
774,2642
3092,2642
125,2642
20,2642
2358,2642
2987,2642
1939,2642
2568,2642
230,2642
3411,2642
2779,2642
3200,2642
2149,2642
584,2642
3306,2642
3516,2642
2673,2642
3625,2642
2044,2642
2463,2642
669,2642
2881,2642
2252,2642
4171,3894
1164,3894
1811,3894
3722,3894
1512,3894
4381,3894
1383,3894
1585,3894
4066,3894
3961,3894
936,3894
1717,3894
1055,3894
1278,3894
2882,3721
3093,3721
569,3721
3626,3721
3201,3721
661,3721
3517,3721
3307,3721
766,3721
3412,3721
2988,3721
2359,3662
2464,3662
2253,3662
2569,3048
2883,3048
3094,3048
573,3048
2780,3048
3627,3048
3518,3048
3308,3048
2465,3048
3413,3048
3202,3048
2254,3048
2674,3048
2360,3048
2989,3048
2150,3048
2045,3048
1940,3048
2990,3695
543,3695
3309,3695
3519,3695
2781,3695
2884,3695
3095,3695
3628,3695
3203,3695
2675,3695
2570,3695
3414,3695
1304,3917
1538,3917
3962,3917
4382,3917
1600,3917
1708,3917
3723,3917
4067,3917
1194,3917
1812,3917
1409,3917
4172,3917
4453,4002
2046,2925
2676,2925
2991,2925
2885,2925
2466,2925
2255,2925
3096,2925
2151,2925
2782,2925
1941,2925
2571,2925
2361,2925
2572,2929
2362,2929
2677,2929
1942,2929
2047,2929
2467,2929
2152,2929
2256,2929
2886,2929
2783,2929
3310,2929
3097,2929
3520,2929
3415,2929
2992,2929
3204,2929
738,3800
466,3800
359,3800
71,3800
843,3800
176,3800
280,3800
1943,2933
2363,2933
2573,2933
3416,2933
3098,2933
2257,2933
2153,2933
3521,2933
3311,2933
2887,2933
2468,2933
2678,2933
3205,2933
2048,2933
2784,2933
2993,2933
1631,3941
3724,3941
4383,3941
4068,3941
3963,3941
1678,3941
4173,3941
1813,3941
3417,3730
82,3730
187,3730
3206,3730
2888,3730
3312,3730
3099,3730
3522,3730
2994,3730
291,3730
3207,3749
759,3749
558,3749
3523,3749
3313,3749
322,3749
118,3749
654,3749
3629,3749
13,3749
429,3749
3418,3749
223,3749
2154,2966
1944,2966
2049,2966
3524,3731
3314,3731
3419,3731
3208,3731
2889,3731
2995,3731
3100,3731
4452,4003
4454,4004
4438,4005
3101,3737
3964,3977
4384,3977
4069,3977
4174,3977
3802,3977
3725,3930
1292,3930
1397,3930
1526,3930
1117,3930
1589,3930
1756,3930
1721,3930
3315,2655
2050,2655
3102,2655
3525,2655
3420,2655
2155,2655
816,2655
1945,2655
2996,2655
2574,2655
2364,2655
711,2655
2890,2655
2469,2655
2258,2655
2785,2655
3209,2655
2679,2655
1169,3880
1375,3880
1504,3880
1270,3880
879,3880
1603,3880
1044,3880
3726,3880
845,3880
1686,3880
3103,3735
2997,3735
2891,3735
4466,4006
2892,3722
3104,3722
2998,3722
1017,3859
1353,3859
1133,3859
1483,3859
499,3859
1747,3859
907,3859
1248,3859
392,3859
3727,3859
1556,3859
2051,3049
2365,3049
2470,3049
2259,3049
1946,3049
2156,3049
719,3801
345,3801
895,3801
160,3801
264,3801
824,3801
55,3801
452,3801
1947,2968
2052,2968
2157,2968
4443,4007
3728,3908
4385,3908
1125,3908
3965,3908
1293,3908
1817,3908
1398,3908
4175,3908
1655,3908
1593,3908
4070,3908
1527,3908
3421,3663
3210,3663
2786,3663
2471,3663
3630,3663
2575,3663
3105,3663
2893,3663
2260,3663
618,3663
2366,3663
2999,3663
3526,3663
3316,3663
2680,3663
92,3824
197,3824
301,3824
1200,3920
1667,3920
3729,3920
1544,3920
1639,3920
1415,3920
1310,3920
2261,2976
1948,2976
2367,2976
2472,2976
2053,2976
2158,2976
133,2980
329,2980
2159,2980
237,2980
1949,2980
683,2980
436,2980
2368,2980
3631,2980
28,2980
2473,2980
2054,2980
788,2980
2262,2980
605,2980
37,3766
695,3766
800,3766
142,3766
1226,3766
1206,3766
335,3766
246,3766
3632,3766
442,3766
1127,3766
628,3766
1331,3766
1464,3766
2787,2989
2369,2989
2263,2989
1950,2989
2055,2989
2576,2989
2681,2989
2160,2989
2474,2989
2894,3696
2682,3696
3000,3696
2577,3696
3106,3696
2788,3696
369,3829
83,3829
292,3829
476,3829
188,3829
610,3767
240,3767
1329,3767
791,3767
1568,3767
31,3767
4176,3767
1724,3767
438,3767
4071,3767
1224,3767
136,3767
1819,3767
1462,3767
3633,3767
1107,3767
3730,3767
3966,3767
686,3767
331,3767
4386,3767
1514,3895
939,3895
1124,3895
1722,3895
4177,3895
1820,3895
1590,3895
4072,3895
1280,3895
1058,3895
3967,3895
3731,3895
1385,3895
4451,4008
2056,3070
1951,3070
2161,3070
1036,3872
1368,3872
414,3872
1497,3872
920,3872
1170,3872
1263,3872
521,3872
3968,3872
4388,3872
4073,3872
3806,3872
4178,3872
2683,3697
2895,3697
2578,3697
3001,3697
3107,3697
2789,3697
3732,3902
1508,3902
1379,3902
1657,3902
1048,3902
930,3902
1609,3902
1274,3902
1110,3902
3211,3664
2790,3664
3108,3664
2579,3664
2684,3664
3002,3664
2370,3664
2896,3664
3317,3664
2475,3664
3527,3664
3422,3664
2264,3664
2791,3698
3318,3698
3528,3698
2685,3698
2580,3698
3109,3698
3003,3698
3634,3698
3423,3698
629,3698
3212,3698
2897,3698
2476,3665
2581,3665
2371,3665
2686,3665
2265,3665
2792,3665
3529,3732
3319,3732
2898,3732
630,3732
801,3732
3110,3732
696,3732
3424,3732
3004,3732
3213,3732
3635,3732
3636,2998
2477,2998
2162,2998
2266,2998
2057,2998
1952,2998
2372,2998
3425,2998
3214,2998
613,2998
3530,2998
3320,2998
1313,3909
1418,3909
1203,3909
4460,4009
806,3815
701,3815
2267,3666
2899,3666
2373,3666
3426,3666
2582,3666
2687,3666
3215,3666
3111,3666
2793,3666
3321,3666
3531,3666
2478,3666
3005,3666
953,3860
400,3860
1358,3860
1253,3860
507,3860
1024,3860
1487,3860
1149,3860
3006,3723
3637,3723
3322,3723
3532,3723
3427,3723
3112,3723
3216,3723
571,3723
662,3723
2900,3723
767,3723
304,3836
200,3836
95,3836
375,3836
4389,3927
3733,3927
4074,3927
1295,3927
3969,3927
1400,3927
1529,3927
1822,3927
4179,3927
1435,3927
1737,3927
1184,3927
4075,3964
3734,3964
4180,3964
1675,3964
1823,3964
3970,3964
1649,3964
3735,3961
1679,3961
4181,3961
1824,3961
1632,3961
3971,3961
4076,3961
1715,3069
2163,3069
2374,3069
1372,3069
1104,3069
1041,3069
1267,3069
1953,3069
898,3069
2688,3069
3736,3069
2058,3069
526,3069
419,3069
2794,3069
2583,3069
2479,3069
2268,3069
1501,3069
1583,3069
2375,3002
3533,3002
3323,3002
581,3002
3007,3002
1954,3002
2689,3002
2164,3002
3217,3002
3113,3002
2795,3002
3428,3002
2901,3002
2059,3002
2480,3002
3638,3002
2584,3002
2269,3002
4469,4010
2165,2819
1955,2819
2060,2819
3972,3971
4392,3971
4182,3971
3788,3971
4077,3971
827,3802
722,3802
267,3802
163,3802
58,3802
4393,3947
1646,3947
1826,3947
3973,3947
4078,3947
4183,3947
3737,3947
1673,3947
4447,4011
2270,2715
2796,2715
2061,2715
2166,2715
2690,2715
2376,2715
1956,2715
2585,2715
2481,2715
2482,3009
2271,3009
2062,3009
2167,3009
1957,3009
2377,3009
294,3832
190,3832
85,3832
478,3832
881,3832
371,3832
1003,3832
2586,3699
3114,3699
2902,3699
2797,3699
3324,3699
3534,3699
3429,3699
2691,3699
3218,3699
3008,3699
2483,3667
3115,3667
2587,3667
2378,3667
2903,3667
2692,3667
2798,3667
2272,3667
3009,3667
2379,3050
1958,3050
2168,3050
2484,3050
2063,3050
2273,3050
2904,3050
3010,3050
3535,3050
3325,3050
2693,3050
3430,3050
2799,3050
3219,3050
3116,3050
2588,3050
632,3050
3639,3050
3640,3750
3431,3750
3220,3750
544,3750
3536,3750
3326,3750
1430,3827
312,3827
1348,3827
380,3827
103,3827
1163,3827
208,3827
1478,3827
1243,3827
4467,4012
487,3827
148,3816
703,3816
252,3816
808,3816
43,3816
4184,3932
4079,3932
1099,3932
1523,3932
1827,3932
1651,3932
3974,3932
3738,3932
4394,3932
1437,3932
1289,3932
1394,3932
2800,3700
2694,3700
2589,3700
3641,3700
3011,3700
2905,3700
3221,3700
769,3700
3327,3700
3537,3700
3432,3700
577,3700
664,3700
3117,3700
1144,3835
94,3835
1344,3835
894,3835
374,3835
303,3835
199,3835
1005,3835
481,3835
1239,3835
750,3775
546,3775
645,3775
3642,3775
611,3707
3461,3707
3251,3707
2934,3707
2719,3707
3671,3707
2826,3707
3145,3707
3039,3707
3356,3707
3566,3707
2614,3707
4080,3724
109,3724
1703,3724
3118,3724
743,3724
4,3724
4185,3724
4395,3724
3739,3724
3328,3724
3538,3724
1456,3724
968,3724
3975,3724
1323,3724
906,3724
3433,3724
638,3724
317,3724
3222,3724
3012,3724
424,3724
1828,3724
2906,3724
3643,3724
1218,3724
1131,3724
214,3724
537,3724
1595,3724
742,3768
108,3768
3,3768
637,3768
316,3768
967,3768
3644,3768
423,3768
213,3768
536,3768
890,3768
16,3781
578,3781
226,3781
121,3781
770,3781
3645,3781
665,3781
3119,3711
2801,3711
3539,3711
3329,3711
3223,3711
3434,3711
2907,3711
3013,3711
288,3830
855,3830
473,3830
79,3830
184,3830
366,3830
999,3830
4081,3985
3976,3985
4396,3985
3784,3985
4186,3985
332,3776
975,3776
241,3776
3646,3776
32,3776
137,3776
792,3776
439,3776
687,3776
900,3776
612,3776
2695,3006
2590,3006
2908,3006
3647,3006
3014,3006
588,3006
3540,3006
3330,3006
2802,3006
3435,3006
3120,3006
3224,3006
1671,3948
4397,3948
3740,3948
3977,3948
1644,3948
4082,3948
4187,3948
1829,3948
2380,2838
1959,2838
2909,2838
2591,2838
2485,2838
2169,2838
3015,2838
2274,2838
2064,2838
3121,2838
2803,2838
2696,2838
9,3778
427,3778
753,3778
114,3778
551,3778
320,3778
3648,3778
648,3778
219,3778
3122,3734
3436,3734
3016,3734
3331,3734
3649,3734
678,3734
3541,3734
2910,3734
3225,3734
783,3734
599,3734
492,3861
942,3861
1011,3861
385,3861
4188,3862
1349,3862
1830,3862
1558,3862
1135,3862
3978,3862
1010,3862
1749,3862
4398,3862
1479,3862
3741,3862
1244,3862
384,3862
491,3862
891,3862
4083,3862
1484,3873
1575,3873
1831,3873
4189,3873
4399,3873
1729,3873
908,3873
1354,3873
3979,3873
3742,3873
1134,3873
1249,3873
4084,3873
500,3873
393,3873
1018,3873
3743,3968
3980,3968
1765,3968
4085,3968
4400,3968
4190,3968
1832,3968
2381,2840
2170,2840
2275,2840
2486,2840
1960,2840
2065,2840
502,3863
893,3863
1020,3863
395,3863
1386,3886
1515,3886
1450,3886
3744,3886
1178,3886
1746,3886
940,3886
1059,3886
1281,3886
2276,3668
2487,3668
2382,3668
3437,3011
2066,3011
3226,3011
3123,3011
617,3011
3542,3011
3017,3011
3650,3011
3332,3011
2804,3011
2171,3011
2592,3011
2697,3011
1961,3011
2911,3011
3745,3942
4086,3942
3981,3942
1698,3942
1834,3942
4401,3942
4191,3942
1612,3942
207,3819
102,3819
311,3819
220,3751
650,3751
3227,3751
755,3751
1221,3751
554,3751
10,3751
115,3751
3333,3751
3651,3751
3543,3751
1459,3751
971,3751
1141,3751
321,3751
428,3751
886,3751
1326,3751
3438,3751
2912,3068
2067,3068
1962,3068
2698,3068
3124,3068
2172,3068
3018,3068
2805,3068
2593,3068
4440,4013
3544,3701
2699,3701
390,3701
3334,3701
539,3701
1016,3701
2913,3701
640,3701
2806,3701
745,3701
3125,3701
2594,3701
3652,3701
862,3701
497,3701
3019,3701
3439,3701
3228,3701
4192,3903
1277,3903
1630,3903
935,3903
4087,3903
1677,3903
1160,3903
1382,3903
1511,3903
3982,3903
1835,3903
1054,3903
3746,3903
1431,3934
4193,3934
1733,3934
1836,3934
4403,3934
1303,3934
4088,3934
3983,3934
1193,3934
3747,3934
1408,3934
1537,3934
2277,3068
2488,3068
2383,3068
4437,4014
1543,3921
1309,3921
3748,3921
4404,3921
1446,3921
4194,3921
1745,3921
1837,3921
1199,3921
1414,3921
4089,3921
3984,3921
646,3702
2807,3702
547,3702
3653,3702
2700,3702
2595,3702
751,3702
3749,3953
1615,3953
1701,3953
4405,3955
1666,3955
4090,3955
4195,3955
1638,3955
1839,3955
3985,3955
3750,3955
1963,3051
2596,3051
2489,3051
2173,3051
2808,3051
2701,3051
2384,3051
2278,3051
2068,3051
3440,3052
3335,3052
2174,3052
124,3052
3545,3052
3020,3052
2914,3052
2597,3052
2702,3052
773,3052
1964,3052
3126,3052
2490,3052
2279,3052
2385,3052
229,3052
2809,3052
3229,3052
668,3052
583,3052
3654,3052
19,3052
2069,3052
1165,3864
515,3864
1364,3864
1493,3864
1725,3864
1031,3864
1569,3864
408,3864
3751,3864
1259,3864
916,3864
1001,3841
186,3841
368,3841
880,3841
290,3841
475,3841
81,3841
1647,3949
3752,3949
3986,3949
1841,3949
4091,3949
1674,3949
4196,3949
4406,3949
3753,3865
1489,3865
1626,3865
1688,3865
1027,3865
1155,3865
911,3865
511,3865
1360,3865
1255,3865
404,3865
5,3752
538,3752
3230,3752
3441,3752
744,3752
639,3752
3546,3752
3655,3752
110,3752
215,3752
3336,3752
236,3725
328,3725
3231,3725
132,3725
3656,3725
27,3725
2915,3725
3021,3725
786,3725
944,3725
603,3725
681,3725
435,3725
3127,3725
3442,3725
3337,3725
3547,3725
3987,3918
1299,3918
3754,3918
1533,3918
1572,3918
1727,3918
4092,3918
1843,3918
4197,3918
4407,3918
1404,3918
1188,3918
2070,2844
2175,2844
1965,2844
3128,2844
2386,2844
2810,2844
2703,2844
2598,2844
3022,2844
2280,2844
2916,2844
2491,2844
4408,3988
4198,3988
4093,3988
3799,3988
3988,3988
4409,3939
1554,3939
1637,3939
1683,3939
3755,3939
4199,3939
4094,3939
3989,3939
1448,3939
1844,3939
4458,4015
3657,3703
689,3703
3548,3703
3338,3703
2704,3703
333,3703
1119,3703
139,3703
2811,3703
3129,3703
440,3703
1463,3703
615,3703
2917,3703
1225,3703
3023,3703
2599,3703
34,3703
243,3703
1330,3703
794,3703
3232,3703
3443,3703
2705,3110
2071,3110
2600,3110
2918,3110
2492,3110
2387,3110
2812,3110
2281,3110
1966,3110
2176,3110
1627,3866
1256,3866
512,3866
1361,3866
910,3866
1156,3866
3756,3866
1028,3866
1490,3866
1664,3866
405,3866
3339,3753
3549,3753
3444,3753
3233,3753
2282,3121
2493,3121
1967,3121
2388,3121
2072,3121
2177,3121
3990,3978
3805,3978
4200,3978
4095,3978
4410,3978
735,3803
277,3803
173,3803
840,3803
992,3803
463,3803
863,3803
68,3803
356,3803
2178,3123
1968,3123
2073,3123
2494,2847
2179,2847
2283,2847
2389,2847
1969,2847
2074,2847
518,3726
1261,3726
411,3726
1709,3726
1115,3726
1495,3726
600,3726
2919,3726
3130,3726
3757,3726
3445,3726
679,3726
784,3726
3234,3726
3550,3726
3340,3726
1577,3726
3024,3726
3658,3726
1366,3726
1034,3726
864,3726
1113,3820
1345,3820
98,3820
914,3820
484,3820
1240,3820
1006,3820
1476,3820
377,3820
307,3820
203,3820
1847,3883
3991,3883
4096,3883
902,3883
1046,3883
3758,3883
1571,3883
1377,3883
1506,3883
1157,3883
1726,3883
1272,3883
4201,3883
922,3804
172,3804
1172,3804
1470,3804
1718,3804
276,3804
734,3804
3759,3804
355,3804
1338,3804
67,3804
1586,3804
991,3804
462,3804
1233,3804
839,3804
1660,3954
3760,3954
1618,3954
4455,4016
4444,4017
308,3839
1241,3839
485,3839
99,3839
1123,3839
1007,3839
378,3839
204,3839
865,3839
1346,3839
3446,3727
2920,3727
3235,3727
3131,3727
3025,3727
3341,3727
3551,3727
2180,3122
2075,3122
1970,3122
261,3805
714,3805
819,3805
52,3805
157,3805
627,3770
694,3770
799,3770
3659,3770
1871,3969
4412,3969
4097,3969
4202,3969
1883,3969
3761,3969
3992,3969
4203,1474
3342,1474
4413,1474
3552,1474
3026,1474
1850,1474
3132,1474
1752,1474
933,1474
3447,1474
3762,1474
3236,1474
1052,1474
2921,1474
3993,1474
1561,1474
4098,1474
1851,3853
1492,3853
514,3853
407,3853
1581,3853
866,3853
1363,3853
3763,3853
1713,3853
4414,3853
4204,3853
1030,3853
3994,3853
1161,3853
4099,3853
1258,3853
867,274
2181,274
352,274
169,274
2076,274
836,274
1971,274
988,274
459,274
273,274
731,274
64,274
315,3845
2284,3669
2601,3669
3027,3669
3553,3669
2495,3669
3343,3669
3237,3669
2922,3669
2390,3669
3133,3669
3448,3669
2813,3669
2706,3669
2285,2849
2391,2849
1972,2849
2077,2849
2496,2849
2182,2849
1066,3904
4463,3904
961,3904
3134,3704
282,3704
3660,3704
178,3704
3344,3704
3554,3704
2923,3704
73,3704
531,3704
3238,3704
3449,3704
2707,3704
3028,3704
2814,3704
2602,3704
4439,4018
2708,3670
2392,3670
2603,3670
2286,3670
2815,3670
2497,3670
841,3806
174,3806
357,3806
69,3806
926,3806
993,3806
278,3806
736,3806
464,3806
2816,3125
2709,3125
3661,3125
2924,3125
2498,3125
3135,3125
1973,3125
3450,3125
3555,3125
548,3125
3345,3125
3239,3125
2078,3125
2393,3125
2604,3125
2183,3125
3029,3125
2287,3125
1410,3935
3764,3935
1539,3935
1305,3935
4205,3935
4100,3935
1195,3935
3995,3935
1576,3935
1852,3935
1653,3935
1596,3950
3765,3950
1704,3950
4101,3950
3996,3950
4206,3950
1853,3950
386,3867
1559,3867
493,3867
877,3867
1750,3867
1245,3867
1480,3867
1012,3867
3766,3867
1151,3867
1350,3867
1974,3126
2079,3126
2184,3126
1607,3882
1271,3882
1174,3882
1505,3882
1045,3882
1376,3882
849,3882
868,3882
713,3807
818,3807
1152,3868
955,3868
1488,3868
1359,3868
1026,3868
510,3868
403,3868
1254,3868
3030,2188
2288,2188
2925,2188
2499,2188
2817,2188
2605,2188
2185,2188
2394,2188
3136,2188
2710,2188
981,3808
450,3808
343,3808
155,3808
50,3808
815,3808
710,3808
259,3808
869,3808
728,3809
833,3809
3997,3987
4102,3987
4417,3987
4207,3987
3793,3987
1975,3127
2186,3127
2080,3127
1610,3960
4418,3960
4208,3960
1855,3960
1696,3960
4103,3960
3998,3960
3767,3960
2289,2852
2187,2852
2606,2852
2081,2852
2500,2852
2711,2852
2818,2852
1976,2852
2395,2852
3768,3869
4209,3869
4419,3869
1856,3869
3999,3869
506,3869
1584,3869
1357,3869
399,3869
1252,3869
950,3869
4104,3869
1486,3869
1146,3869
1023,3869
1716,3869
762,3762
563,3762
430,3762
3769,3762
1692,3762
119,3762
323,3762
657,3762
224,3762
1622,3762
14,3762
3662,3762
1426,3906
1140,3906
1287,3906
4210,3906
1069,3906
1730,3906
1858,3906
4000,3906
1392,3906
1521,3906
3770,3906
1075,3906
4105,3906
3790,3874
1257,3874
4106,3874
406,3874
912,3874
1158,3874
1362,3874
513,3874
4421,3874
1029,3874
4211,3874
4001,3874
1491,3874
216,3754
3240,3754
3451,3754
641,3754
746,3754
3556,3754
3346,3754
3663,3754
111,3754
6,3754
540,3754
191,3821
295,3821
86,3821
1661,3957
1623,3957
3771,3957
871,3843
1237,3843
1000,3843
1342,3843
1102,3843
289,3843
474,3843
1474,3843
367,3843
185,3843
80,3843
2396,3671
3031,3671
2712,3671
2607,3671
3241,3671
3452,3671
2501,3671
3347,3671
3557,3671
550,3671
3664,3671
2290,3671
2926,3671
3137,3671
2819,3671
3138,3672
2713,3672
2820,3672
2397,3672
3348,3672
3558,3672
2502,3672
3242,3672
3453,3672
2608,3672
3032,3672
2927,3672
2291,3672
1555,3938
1447,3938
4002,3938
3772,3938
4107,3938
4212,3938
1860,3938
1706,3938
1598,3938
4003,3979
4213,3979
3803,3979
4108,3979
2292,2869
2928,2869
2821,2869
3139,2869
2714,2869
2082,2869
2503,2869
2609,2869
2188,2869
1977,2869
2398,2869
3033,2869
1522,3933
1098,3933
1288,3933
1393,3933
4464,4019
2929,3705
2715,3705
2610,3705
3034,3705
2822,3705
3140,3705
3787,3984
4214,3984
4004,3984
4109,3984
763,3728
3559,3728
3349,3728
3665,3728
658,3728
3243,3728
566,3728
3035,3728
3141,3728
3454,3728
2930,3728
1978,2871
2083,2871
4215,3755
426,3755
4110,3755
1220,3755
113,3755
892,3755
647,3755
1325,3755
3800,3755
8,3755
752,3755
549,3755
319,3755
4005,3755
3666,3755
1137,3755
3560,3755
3350,3755
970,3755
1458,3755
218,3755
3244,3755
3455,3755
1332,3817
810,3817
978,3817
446,3817
705,3817
339,3817
1176,3817
45,3817
150,3817
254,3817
872,3817
4111,3980
3796,3980
4006,3980
4426,3980
4216,3980
4446,4020
3456,3756
302,3756
93,3756
3351,3756
198,3756
3561,3756
3245,3756
1236,3833
996,3833
283,3833
1128,3833
904,3833
179,3833
1341,3833
361,3833
1473,3833
468,3833
74,3833
3246,3757
796,3757
3457,3757
3562,3757
3352,3757
1121,3757
140,3757
1320,3757
619,3757
3668,3757
244,3757
1453,3757
691,3757
35,3757
1215,3757
607,3740
3247,3740
3353,3740
3563,3740
3669,3740
3458,3740
391,3848
498,3848
2504,2872
3354,2872
1979,2872
3564,2872
2084,2872
3142,2872
2293,2872
3036,2872
2611,2872
2189,2872
2716,2872
3248,2872
2399,2872
3459,2872
2931,2872
2823,2872
718,3810
823,3810
606,3761
684,3761
134,3761
789,3761
29,3761
3672,3761
238,3761
3782,3981
4007,3981
4112,3981
4217,3981
671,3758
973,3758
587,3758
3673,3758
434,3758
232,3758
878,3758
22,3758
127,3758
776,3758
3252,3758
3462,3758
3567,3758
3357,3758
327,3758
4465,4021
206,3834
101,3834
310,3834
990,3811
733,3811
461,3811
66,3811
354,3811
838,3811
275,3811
921,3811
171,3811
2400,312
1981,312
2505,312
2294,312
2191,312
3040,312
2827,312
2935,312
3146,312
2720,312
2615,312
2086,312
2616,3124
2401,3124
2295,3124
2721,3124
2828,3124
2192,3124
2087,3124
1982,3124
2506,3124
2088,329
2193,329
2296,329
2402,329
2507,329
1983,329
1762,3965
3773,3965
4470,3965
1761,3965
2508,349
2089,349
1984,349
2297,349
2403,349
2194,349
559,3736
3568,3736
3358,3736
3041,3736
2936,3736
3147,3736
3463,3736
3674,3736
3253,3736
1611,3943
4218,3943
4008,3943
3774,3943
1697,3943
1862,3943
4113,3943
4429,3982
4219,3982
4009,3982
4114,3982
3789,3982
383,3870
490,3870
918,3875
1032,3875
516,3875
409,3875
954,3871
508,3871
401,3871
1025,3871
2509,514
2298,514
2404,514
1985,514
2195,514
2090,514
4010,3983
4115,3983
3795,3983
4430,3983
4220,3983
1719,3822
309,3822
379,3822
3775,3822
1477,3822
1587,3822
1008,3822
100,3822
205,3822
897,3822
1347,3822
486,3822
1167,3822
1242,3822
2617,328
2196,328
1986,328
2722,328
2299,328
2405,328
2829,328
2091,328
2510,328
373,405
2197,405
3359,405
2092,405
3569,405
2723,405
2830,405
564,405
1987,405
196,405
3148,405
480,405
300,405
3464,405
3254,405
3042,405
2937,405
91,405
3675,405
2618,405
1755,3936
4116,3936
1564,3936
1422,3936
1212,3936
1550,3936
1317,3936
4011,3936
3776,3936
4221,3936
1864,3936
1735,3896
1132,3896
4222,3896
1276,3896
4432,3896
932,3896
4012,3896
4117,3896
1381,3896
1051,3896
3777,3896
1510,3896
1865,3896
1433,3896
298,3759
1216,3759
4223,3759
3676,3759
1866,3759
1145,3759
1621,3759
949,3759
965,3759
4013,3759
3778,3759
89,3759
4118,3759
3255,3759
1454,3759
3465,3759
1321,3759
194,3759
561,3759
1691,3759
3360,3759
3570,3759
852,3759
3149,3709
2938,3709
2831,3709
3043,3709
2406,3673
2300,3673
2511,3673
2093,536
1988,536
2198,536
2301,536
4014,3812
353,3812
460,3812
837,3812
732,3812
4224,3812
4434,3812
3794,3812
65,3812
989,3812
874,3812
4119,3812
170,3812
274,3812
152,3813
256,3813
1466,3813
47,3813
1334,3813
1565,3813
3779,3813
341,3813
707,3813
1229,3813
1652,3813
1111,3813
812,3813
448,3813
4461,4022
934,3897
1138,3897
1053,3897
2512,1874
2302,1874
2407,1874
1187,3922
1580,3922
1298,3922
4015,3922
4120,3922
4225,3922
1532,3922
3780,3922
1712,3922
1403,3922
1868,3922
2303,3674
2513,3674
2408,3674
1534,3931
1597,3931
1705,3931
1300,3931
1189,3931
1405,3931
1390,3898
1870,3898
1519,3898
3781,3898
1285,3898
4121,3898
1064,3898
4436,3898
4226,3898
4016,3898
1150,3898
1687,3898
957,3898
1625,3898
4472,3989
4473,3990
4474,3972
4475,3992
4476,3913
4477,3899
4478,3951
4479,3786
4480,3900
4481,3973
4482,3993
4483,3878
4485,3945
4486,3911
4487,3970
4488,3986
4489,3994
4490,3995
4491,2814
4492,3889
4493,1089
4494,3996
4495,3974
4496,3952
4497,3997
4498,3966
4499,3998
4500,3975
4501,3962
4502,3926
4503,3946
4504,3837
4505,3956
4506,3999
4507,4000
4508,3693
4509,3928
4510,3925
4511,3797
4512,3919
4513,3929
4514,4001
4515,3894
4516,3917
4517,4002
4518,3941
4519,4003
4520,4004
4521,4005
4522,3977
4523,4006
4524,4007
4525,3908
4526,3767
4527,4008
4528,3872
4529,4009
4530,3927
4531,4010
4532,3971
4533,3947
4534,4011
4535,4012
4536,3932
4537,3724
4538,3985
4540,3862
4541,3873
4542,3968
4543,3942
4544,4013
4545,3934
4546,4014
4547,3921
4548,3955
4549,3949
4550,3918
4551,3988
4552,3939
4553,4015
4554,3978
4555,4016
4556,4017
4557,3969
4558,1474
4559,3853
4560,3904
4561,4018
4562,3987
4563,3960
4564,3869
4565,3874
4566,4019
4567,3980
4568,4020
4569,4021
4570,3965
4571,3982
4572,3983
4573,3896
4574,3812
4575,4022
4576,3898